{
    "accuracy": 0.8595965103598692,
    "report": {
        "0": {
            "precision": 0.9983520105471325,
            "recall": 0.8558914947725346,
            "f1-score": 0.9216491708504487,
            "support": 3539.0
        },
        "1": {
            "precision": 0.19558359621451105,
            "recall": 0.9612403100775194,
            "f1-score": 0.3250327653997379,
            "support": 129.0
        },
        "accuracy": 0.8595965103598692,
        "macro avg": {
            "precision": 0.5969678033808218,
            "recall": 0.908565902425027,
            "f1-score": 0.6233409681250933,
            "support": 3668.0
        },
        "weighted avg": {
            "precision": 0.9701194245468849,
            "recall": 0.8595965103598692,
            "f1-score": 0.9006667509204755,
            "support": 3668.0
        }
    }
}